{
  "fields": [
    "name",
    "email",
    "phone",
    "location",
    "skills",
    "soft_skills",
    "education",
    "experience",
    "courses",
    "projects"
  ],
  "precisions": [
    0.9,
    0.9,
    0.9,
    0.9,
    0.8695310816634347,
    0.9,
    0.7,
    0.9,
    0.805,
    0.85
  ],
  "recalls": [
    0.9,
    0.9,
    0.9,
    0.9,
    0.88125,
    0.9,
    0.7,
    0.9,
    0.8550000000000001,
    0.825
  ],
  "f1_scores": [
    0.9,
    0.9,
    0.9,
    0.9,
    0.8749942600672341,
    0.9,
    0.7,
    0.9,
    0.8216666666666667,
    0.8333333333333333
  ],
  "cv_results": {
    "cv_001": [
      1.0,
      1.0,
      1.0,
      1.0,
      0.967741935483871,
      1.0,
      0.5,
      1.0,
      1.0,
      1.0
    ],
    "cv_002": [
      1.0,
      1.0,
      1.0,
      1.0,
      1.0,
      1.0,
      0.5,
      1.0,
      1.0,
      1.0
    ],
    "cv_003": [
      1.0,
      1.0,
      1.0,
      1.0,
      0.9375,
      1.0,
      1.0,
      1.0,
      1.0,
      1.0
    ],
    "cv_004": [
      0.0,
      0.0,
      0.0,
      0.0,
      0.0,
      0.0,
      0.0,
      0.0,
      0.0,
      0.0
    ],
    "cv_005": [
      1.0,
      1.0,
      1.0,
      1.0,
      1.0,
      1.0,
      1.0,
      1.0,
      1.0,
      1.0
    ],
    "cv_006": [
      1.0,
      1.0,
      1.0,
      1.0,
      0.9090909090909091,
      1.0,
      1.0,
      1.0,
      1.0,
      1.0
    ],
    "cv_007": [
      1.0,
      1.0,
      1.0,
      1.0,
      1.0,
      1.0,
      0.5,
      1.0,
      0.6666666666666666,
      1.0
    ],
    "cv_008": [
      1.0,
      1.0,
      1.0,
      1.0,
      1.0,
      1.0,
      1.0,
      1.0,
      0.75,
      0.3333333333333333
    ],
    "cv_009": [
      1.0,
      1.0,
      1.0,
      1.0,
      0.975609756097561,
      1.0,
      1.0,
      1.0,
      1.0,
      1.0
    ],
    "cv_010": [
      1.0,
      1.0,
      1.0,
      1.0,
      0.9600000000000001,
      1.0,
      0.5,
      1.0,
      0.8000000000000002,
      1.0
    ]
  },
  "degradation_data": {
    "name": [
      1.0,
      0.6666666666666666,
      1.0
    ],
    "email": [
      1.0,
      0.6666666666666666,
      1.0
    ],
    "phone": [
      1.0,
      0.6666666666666666,
      1.0
    ],
    "location": [
      1.0,
      0.6666666666666666,
      1.0
    ],
    "skills": [
      0.9838709677419355,
      0.6458333333333334,
      0.968940133037694
    ],
    "soft_skills": [
      1.0,
      0.6666666666666666,
      1.0
    ],
    "education": [
      0.5,
      0.6666666666666666,
      0.8
    ],
    "experience": [
      1.0,
      0.6666666666666666,
      1.0
    ],
    "courses": [
      1.0,
      0.6666666666666666,
      0.8433333333333334
    ],
    "projects": [
      1.0,
      0.6666666666666666,
      0.8666666666666668
    ]
  },
  "correct_null": 3,
  "hallucinations": 0,
  "consistent_count": 10,
  "overall_f1": 0.8629994260067233,
  "best_field": "name",
  "worst_field": "education"
}